{
  "recall": {
    "user_cf": 0.0094,
    "item_cf": 0.0002,
    "content_based": 0.0192,
    "hybrid": 0.0314
  },
  "diversity": {
    "user_cf": 0.7511,
    "item_cf": 0.6929,
    "content_based": 0.136,
    "hybrid": 0.3404
  },
  "coverage": {
    "user_cf": 0.5297,
    "item_cf": 0.2176,
    "content_based": 0.418,
    "hybrid": 0.4073
  },
  "novelty": {
    "user_cf": 0.8594,
    "item_cf": 0.9966,
    "content_based": 0.879,
    "hybrid": 0.8121
  },
  "recall_at_k": {
    "user_cf": {
      "5": 0.0033007856504963444,
      "10": 0.009357704818412764,
      "20": 0.0384821725897837,
      "50": 0.16859051024833122
    },
    "item_cf": {
      "5": 5.4347826086956524e-05,
      "10": 0.00018536490683229815,
      "20": 0.0017987288979136806,
      "50": 0.0038192657679701433
    },
    "content": {
      "5": 0.011887589611333274,
      "10": 0.019239549875183434,
      "20": 0.034920591167285735,
      "50": 0.07865556368837838
    },
    "hybrid": {
      "5": 0.015332402826945606,
      "10": 0.03135227558593578,
      "20": 0.06795085682788106,
      "50": 0.18186496922917136
    }
  },
  "weight_analysis": {
    "0.0": {
      "recall": 0.022404915603963144,
      "diversity": 0.13613191561278515,
      "coverage": 0.2294887039239001,
      "novelty": 0.8518516822520005
    },
    "0.2": {
      "recall": 0.045046267464798305,
      "diversity": 0.22608244193456886,
      "coverage": 0.38287752675386444,
      "novelty": 0.7972775474790321
    },
    "0.4": {
      "recall": 0.04190383509731026,
      "diversity": 0.28909566692540034,
      "coverage": 0.3882282996432818,
      "novelty": 0.7922418779523762
    },
    "0.6": {
      "recall": 0.03135227558593578,
      "diversity": 0.3404076073142353,
      "coverage": 0.40725326991676575,
      "novelty": 0.8120975127735467
    },
    "0.8": {
      "recall": 0.009660276793508102,
      "diversity": 0.4216602725762388,
      "coverage": 0.4286563614744352,
      "novelty": 0.8527607731610912
    },
    "1.0": {
      "recall": 0.0026364170031466815,
      "diversity": 0.7628378974174819,
      "coverage": 0.4571938168846611,
      "novelty": 0.8276455702304059
    }
  },
  "meta": {
    "n_users": 943,
    "n_items": 1682,
    "n_train": 80000,
    "n_test": 20000,
    "n_eval_users": 920,
    "n_recommendations": 10
  }
}