{
  "recall": {
    "user_cf": 0.0121,
    "item_cf": 0.0,
    "content_based": 0.014,
    "hybrid": 0.0274
  },
  "diversity": {
    "user_cf": 0.682699978351593,
    "item_cf": 0.6421999931335449,
    "content_based": 0.12240000069141388,
    "hybrid": 0.3001999855041504
  },
  "recall_at_k": {
    "user_cf": {
      "5": 0.0023809523809523807,
      "10": 0.011130952380952382,
      "20": 0.0254087848071224,
      "50": 0.14485868832784096
    },
    "item_cf": {
      "5": 0.0,
      "10": 0.0,
      "20": 0.0,
      "50": 0.0
    },
    "content": {
      "5": 0.008059969172621782,
      "10": 0.01202822314087575,
      "20": 0.037527351894721485,
      "50": 0.08581521099482962
    },
    "hybrid": {
      "5": 0.012243528861175919,
      "10": 0.026299727294732844,
      "20": 0.06843234923374139,
      "50": 0.14485868832784096
    }
  },
  "weight_analysis": {
    "0.0": {
      "recall": 0.01202822314087575,
      "diversity": 0.13602346181869507
    },
    "0.2": {
      "recall": 0.0402687414474318,
      "diversity": 0.32430723309516907
    },
    "0.4": {
      "recall": 0.03787704724941129,
      "diversity": 0.3612198233604431
    },
    "0.6": {
      "recall": 0.026299727294732844,
      "diversity": 0.3960486054420471
    },
    "0.8": {
      "recall": 0.014718056748747285,
      "diversity": 0.4899985194206238
    },
    "1.0": {
      "recall": 0.011130952380952382,
      "diversity": 0.7445181012153625
    }
  }
}