{
  "model": "ARIMA(0, 1, 2)",
  "mae": 0.813705515000997,
  "rmse": 1.25468602480721,
  "train_seconds": 0.005544833000000082,
  "infer_seconds": 0.6637591249999999
}