{
  "model": "LSTM",
  "mae": 2.1156158615005682,
  "rmse": 2.598407629509504,
  "train_seconds": 1.3021882920000003,
  "infer_seconds": 0.0028073750000006115
}